id,new_house_transaction_amount
2024 Aug_sector 1,7328.270841108025
2024 Aug_sector 2,5248.022656755664
2024 Aug_sector 3,5585.699509841643
2024 Aug_sector 4,51257.22306974728
2024 Aug_sector 5,2930.9450508442837
2024 Aug_sector 6,12990.197647050709
2024 Aug_sector 7,0.0
2024 Aug_sector 8,0.0
2024 Aug_sector 9,0.0
2024 Aug_sector 10,0.0
2024 Aug_sector 11,0.0
2024 Aug_sector 12,0.0
2024 Aug_sector 13,5552.892
2024 Aug_sector 14,12120.735785073852
2024 Aug_sector 15,82940.52263017341
2024 Aug_sector 16,52967.88746210657
2024 Aug_sector 17,3837.228
2024 Aug_sector 18,22601.043578199482
2024 Aug_sector 19,0.0
2024 Aug_sector 20,0.0
2024 Aug_sector 21,0.0
2024 Aug_sector 22,0.0
2024 Aug_sector 23,0.0
2024 Aug_sector 24,0.0
2024 Aug_sector 25,18505.07022969132
2024 Aug_sector 26,740.5546419928014
2024 Aug_sector 27,3582.624290810262
2024 Aug_sector 28,19911.90400741296
2024 Aug_sector 29,17158.84025836631
2024 Aug_sector 30,18533.265544341586
2024 Aug_sector 31,0.0
2024 Aug_sector 32,0.0
2024 Aug_sector 33,0.0
2024 Aug_sector 34,0.0
2024 Aug_sector 35,0.0
2024 Aug_sector 36,0.0
2024 Aug_sector 37,5447.513827537695
2024 Aug_sector 38,48499.259595301955
2024 Aug_sector 39,0.0
2024 Aug_sector 40,7763.409291633194
2024 Aug_sector 41,0.0
2024 Aug_sector 42,0.0
2024 Aug_sector 43,0.0
2024 Aug_sector 44,0.0
2024 Aug_sector 45,0.0
2024 Aug_sector 46,0.0
2024 Aug_sector 47,0.0
2024 Aug_sector 48,0.0
2024 Aug_sector 49,0.0
2024 Aug_sector 50,11477.222622611213
2024 Aug_sector 51,13337.868658632335
2024 Aug_sector 52,0.0
2024 Aug_sector 53,261.31993341504574
2024 Aug_sector 54,45586.65883938469
2024 Aug_sector 55,0.0
2024 Aug_sector 56,0.0
2024 Aug_sector 57,0.0
2024 Aug_sector 58,0.0
2024 Aug_sector 59,0.0
2024 Aug_sector 60,0.0
2024 Aug_sector 61,72064.29381398032
2024 Aug_sector 62,9553.954034162463
2024 Aug_sector 63,7214.252058372517
2024 Aug_sector 64,12266.55667328776
2024 Aug_sector 65,12197.245583123904
2024 Aug_sector 66,34275.26378776773
2024 Aug_sector 67,0.0
2024 Aug_sector 68,0.0
2024 Aug_sector 69,0.0
2024 Aug_sector 70,0.0
2024 Aug_sector 71,0.0
2024 Aug_sector 72,0.0
2024 Aug_sector 73,5287.524
2024 Aug_sector 74,0.0
2024 Aug_sector 75,737.1840000000001
2024 Aug_sector 76,24952.25081322519
2024 Aug_sector 77,62136.262151370414
2024 Aug_sector 78,19042.225418657523
2024 Aug_sector 79,0.0
2024 Aug_sector 80,0.0
2024 Aug_sector 81,0.0
2024 Aug_sector 82,0.0
2024 Aug_sector 83,0.0
2024 Aug_sector 84,0.0
2024 Aug_sector 85,101207.40996056641
2024 Aug_sector 86,35687.89410622397
2024 Aug_sector 87,286.572
2024 Aug_sector 88,5643.996
2024 Aug_sector 89,7993.266371289347
2024 Aug_sector 90,11096.509110743234
2024 Aug_sector 91,0.0
2024 Aug_sector 92,0.0
2024 Aug_sector 93,0.0
2024 Aug_sector 94,0.0
2024 Aug_sector 95,0.0
2024 Aug_sector 96,0.0
2024 Sep_sector 1,5496.026161454418
2024 Sep_sector 2,3603.912271415984
2024 Sep_sector 3,3946.8430400055363
2024 Sep_sector 4,48681.90253290513
2024 Sep_sector 5,1168.6561730179712
2024 Sep_sector 6,11660.406694957826
2024 Sep_sector 7,0.0
2024 Sep_sector 8,0.0
2024 Sep_sector 9,0.0
2024 Sep_sector 10,0.0
2024 Sep_sector 11,0.0
2024 Sep_sector 12,0.0
2024 Sep_sector 13,5552.892
2024 Sep_sector 14,11503.829078701303
2024 Sep_sector 15,81528.5945394703
2024 Sep_sector 16,51957.74196447122
2024 Sep_sector 17,3518.3067445897836
2024 Sep_sector 18,21142.747562961456
2024 Sep_sector 19,0.0
2024 Sep_sector 20,0.0
2024 Sep_sector 21,0.0
2024 Sep_sector 22,0.0
2024 Sep_sector 23,0.0
2024 Sep_sector 24,0.0
2024 Sep_sector 25,18453.99207477701
2024 Sep_sector 26,600.635294293489
2024 Sep_sector 27,3577.6047728269214
2024 Sep_sector 28,0.0
2024 Sep_sector 29,17127.599380592284
2024 Sep_sector 30,18335.061252416446
2024 Sep_sector 31,0.0
2024 Sep_sector 32,0.0
2024 Sep_sector 33,0.0
2024 Sep_sector 34,0.0
2024 Sep_sector 35,0.0
2024 Sep_sector 36,0.0
2024 Sep_sector 37,5728.955833321492
2024 Sep_sector 38,48210.18579960908
2024 Sep_sector 39,657.343161533092
2024 Sep_sector 40,8643.99262327899
2024 Sep_sector 41,0.0
2024 Sep_sector 42,2289.0377182237585
2024 Sep_sector 43,0.0
2024 Sep_sector 44,0.0
2024 Sep_sector 45,0.0
2024 Sep_sector 46,0.0
2024 Sep_sector 47,0.0
2024 Sep_sector 48,0.0
2024 Sep_sector 49,0.0
2024 Sep_sector 50,12067.351867413163
2024 Sep_sector 51,13884.865683998303
2024 Sep_sector 52,0.0
2024 Sep_sector 53,703.1629485235615
2024 Sep_sector 54,45897.50279895556
2024 Sep_sector 55,0.0
2024 Sep_sector 56,0.0
2024 Sep_sector 57,0.0
2024 Sep_sector 58,0.0
2024 Sep_sector 59,0.0
2024 Sep_sector 60,0.0
2024 Sep_sector 61,72654.96189785915
2024 Sep_sector 62,10314.868527585419
2024 Sep_sector 63,8061.35588633513
2024 Sep_sector 64,13416.7819287949
2024 Sep_sector 65,13114.941706828024
2024 Sep_sector 66,35699.66039111205
2024 Sep_sector 67,0.0
2024 Sep_sector 68,0.0
2024 Sep_sector 69,0.0
2024 Sep_sector 70,0.0
2024 Sep_sector 71,0.0
2024 Sep_sector 72,0.0
2024 Sep_sector 73,5239.777448887549
2024 Sep_sector 74,0.0
2024 Sep_sector 75,737.1840000000001
2024 Sep_sector 76,21958.928647795947
2024 Sep_sector 77,57408.6961298371
2024 Sep_sector 78,15188.096846677436
2024 Sep_sector 79,0.0
2024 Sep_sector 80,0.0
2024 Sep_sector 81,0.0
2024 Sep_sector 82,0.0
2024 Sep_sector 83,0.0
2024 Sep_sector 84,0.0
2024 Sep_sector 85,87357.4907479617
2024 Sep_sector 86,29615.782588174217
2024 Sep_sector 87,286.572
2024 Sep_sector 88,5411.711063690347
2024 Sep_sector 89,3289.003716791447
2024 Sep_sector 90,7937.536482047126
2024 Sep_sector 91,0.0
2024 Sep_sector 92,0.0
2024 Sep_sector 93,0.0
2024 Sep_sector 94,0.0
2024 Sep_sector 95,0.0
2024 Sep_sector 96,0.0
2024 Oct_sector 1,18289.456093398523
2024 Oct_sector 2,8934.16305368616
2024 Oct_sector 3,10219.633692228546
2024 Oct_sector 4,55671.65439196552
2024 Oct_sector 5,6380.045614127762
2024 Oct_sector 6,18051.374550859313
2024 Oct_sector 7,0.0
2024 Oct_sector 8,0.0
2024 Oct_sector 9,0.0
2024 Oct_sector 10,0.0
2024 Oct_sector 11,0.0
2024 Oct_sector 12,0.0
2024 Oct_sector 13,5552.892
2024 Oct_sector 14,10794.013599313472
2024 Oct_sector 15,80832.9748952826
2024 Oct_sector 16,51179.24901564942
2024 Oct_sector 17,3084.830943699432
2024 Oct_sector 18,20683.500436115395
2024 Oct_sector 19,0.0
2024 Oct_sector 20,0.0
2024 Oct_sector 21,0.0
2024 Oct_sector 22,0.0
2024 Oct_sector 23,0.0
2024 Oct_sector 24,0.0
2024 Oct_sector 25,18805.724703619748
2024 Oct_sector 26,939.494757314282
2024 Oct_sector 27,3809.4364263108764
2024 Oct_sector 28,0.0
2024 Oct_sector 29,17507.12421758305
2024 Oct_sector 30,18663.882791601594
2024 Oct_sector 31,0.0
2024 Oct_sector 32,0.0
2024 Oct_sector 33,0.0
2024 Oct_sector 34,0.0
2024 Oct_sector 35,0.0
2024 Oct_sector 36,0.0
2024 Oct_sector 37,5370.0978846479375
2024 Oct_sector 38,48009.109449527874
2024 Oct_sector 39,483.6213062367071
2024 Oct_sector 40,8550.555711464216
2024 Oct_sector 41,0.0
2024 Oct_sector 42,2122.4075037240204
2024 Oct_sector 43,0.0
2024 Oct_sector 44,0.0
2024 Oct_sector 45,0.0
2024 Oct_sector 46,0.0
2024 Oct_sector 47,0.0
2024 Oct_sector 48,0.0
2024 Oct_sector 49,0.0
2024 Oct_sector 50,13830.740314493556
2024 Oct_sector 51,16830.024028195236
2024 Oct_sector 52,0.0
2024 Oct_sector 53,2213.1479999999997
2024 Oct_sector 54,47535.927888872575
2024 Oct_sector 55,0.0
2024 Oct_sector 56,0.0
2024 Oct_sector 57,0.0
2024 Oct_sector 58,0.0
2024 Oct_sector 59,0.0
2024 Oct_sector 60,0.0
2024 Oct_sector 61,72516.11435847558
2024 Oct_sector 62,10010.701195074458
2024 Oct_sector 63,7411.678581436573
2024 Oct_sector 64,13070.831532574512
2024 Oct_sector 65,12696.031123687706
2024 Oct_sector 66,35188.55509295422
2024 Oct_sector 67,0.0
2024 Oct_sector 68,0.0
2024 Oct_sector 69,0.0
2024 Oct_sector 70,0.0
2024 Oct_sector 71,0.0
2024 Oct_sector 72,0.0
2024 Oct_sector 73,1777.7103405630367
2024 Oct_sector 74,0.0
2024 Oct_sector 75,737.1840000000001
2024 Oct_sector 76,20220.949409107965
2024 Oct_sector 77,55422.10416612926
2024 Oct_sector 78,13057.425322014451
2024 Oct_sector 79,0.0
2024 Oct_sector 80,0.0
2024 Oct_sector 81,0.0
2024 Oct_sector 82,0.0
2024 Oct_sector 83,0.0
2024 Oct_sector 84,0.0
2024 Oct_sector 85,90695.99770819728
2024 Oct_sector 86,29189.114688262074
2024 Oct_sector 87,286.572
2024 Oct_sector 88,5044.422186532956
2024 Oct_sector 89,3213.390562071532
2024 Oct_sector 90,7867.3632834782575
2024 Oct_sector 91,0.0
2024 Oct_sector 92,0.0
2024 Oct_sector 93,0.0
2024 Oct_sector 94,0.0
2024 Oct_sector 95,0.0
2024 Oct_sector 96,0.0
2024 Nov_sector 1,6401.986992129634
2024 Nov_sector 2,4275.244154929371
2024 Nov_sector 3,4548.280834420166
2024 Nov_sector 4,49819.59989726893
2024 Nov_sector 5,1832.1219264166627
2024 Nov_sector 6,12412.533164409651
2024 Nov_sector 7,0.0
2024 Nov_sector 8,0.0
2024 Nov_sector 9,0.0
2024 Nov_sector 10,0.0
2024 Nov_sector 11,0.0
2024 Nov_sector 12,0.0
2024 Nov_sector 13,5552.892
2024 Nov_sector 14,10697.087491835018
2024 Nov_sector 15,85156.35110178657
2024 Nov_sector 16,59502.50724217583
2024 Nov_sector 17,3837.228
2024 Nov_sector 18,23656.121713554072
2024 Nov_sector 19,0.0
2024 Nov_sector 20,0.0
2024 Nov_sector 21,0.0
2024 Nov_sector 22,0.0
2024 Nov_sector 23,0.0
2024 Nov_sector 24,0.0
2024 Nov_sector 25,19455.409792818795
2024 Nov_sector 26,599.1644238423127
2024 Nov_sector 27,3780.9833933428454
2024 Nov_sector 28,21010.280747568635
2024 Nov_sector 29,0.0
2024 Nov_sector 30,18921.972839569782
2024 Nov_sector 31,0.0
2024 Nov_sector 32,0.0
2024 Nov_sector 33,0.0
2024 Nov_sector 34,0.0
2024 Nov_sector 35,0.0
2024 Nov_sector 36,0.0
2024 Nov_sector 37,17209.740247993985
2024 Nov_sector 38,56027.093791249485
2024 Nov_sector 39,2352.216
2024 Nov_sector 40,13722.63172984596
2024 Nov_sector 41,0.0
2024 Nov_sector 42,6401.04
2024 Nov_sector 43,0.0
2024 Nov_sector 44,0.0
2024 Nov_sector 45,0.0
2024 Nov_sector 46,0.0
2024 Nov_sector 47,0.0
2024 Nov_sector 48,0.0
2024 Nov_sector 49,0.0
2024 Nov_sector 50,13457.042628237099
2024 Nov_sector 51,15339.4835052764
2024 Nov_sector 52,0.0
2024 Nov_sector 53,1807.1988552542366
2024 Nov_sector 54,47235.162096975735
2024 Nov_sector 55,0.0
2024 Nov_sector 56,0.0
2024 Nov_sector 57,0.0
2024 Nov_sector 58,0.0
2024 Nov_sector 59,0.0
2024 Nov_sector 60,0.0
2024 Nov_sector 61,86748.58865040907
2024 Nov_sector 62,13144.699793542148
2024 Nov_sector 63,10641.19012756391
2024 Nov_sector 64,18892.391545033475
2024 Nov_sector 65,20087.655586505076
2024 Nov_sector 66,43208.69497017067
2024 Nov_sector 67,0.0
2024 Nov_sector 68,0.0
2024 Nov_sector 69,0.0
2024 Nov_sector 70,0.0
2024 Nov_sector 71,0.0
2024 Nov_sector 72,0.0
2024 Nov_sector 73,1137.4874751615262
2024 Nov_sector 74,0.0
2024 Nov_sector 75,526.3921165343337
2024 Nov_sector 76,19900.403528810577
2024 Nov_sector 77,55404.2470628553
2024 Nov_sector 78,12863.133882960325
2024 Nov_sector 79,0.0
2024 Nov_sector 80,0.0
2024 Nov_sector 81,0.0
2024 Nov_sector 82,0.0
2024 Nov_sector 83,0.0
2024 Nov_sector 84,0.0
2024 Nov_sector 85,94637.55331262485
2024 Nov_sector 86,31757.693000583215
2024 Nov_sector 87,286.572
2024 Nov_sector 88,5643.996
2024 Nov_sector 89,5551.368370369564
2024 Nov_sector 90,9547.556679989808
2024 Nov_sector 91,0.0
2024 Nov_sector 92,0.0
2024 Nov_sector 93,0.0
2024 Nov_sector 94,0.0
2024 Nov_sector 95,0.0
2024 Nov_sector 96,0.0
2024 Dec_sector 1,0.0
2024 Dec_sector 2,4237.36825741927
2024 Dec_sector 3,0.0
2024 Dec_sector 4,0.0
2024 Dec_sector 5,0.0
2024 Dec_sector 6,0.0
2024 Dec_sector 7,0.0
2024 Dec_sector 8,0.0
2024 Dec_sector 9,0.0
2024 Dec_sector 10,0.0
2024 Dec_sector 11,0.0
2024 Dec_sector 12,0.0
2024 Dec_sector 13,5552.892
2024 Dec_sector 14,13843.688677370203
2024 Dec_sector 15,71802.77489030444
2024 Dec_sector 16,76664.30729850486
2024 Dec_sector 17,3837.228
2024 Dec_sector 18,29083.771759901636
2024 Dec_sector 19,0.0
2024 Dec_sector 20,0.0
2024 Dec_sector 21,0.0
2024 Dec_sector 22,0.0
2024 Dec_sector 23,0.0
2024 Dec_sector 24,0.0
2024 Dec_sector 25,26772.378238991874
2024 Dec_sector 26,2727.331788698219
2024 Dec_sector 27,6597.58966204703
2024 Dec_sector 28,34322.839100196405
2024 Dec_sector 29,28247.113930782813
2024 Dec_sector 30,20511.17866615876
2024 Dec_sector 31,0.0
2024 Dec_sector 32,0.0
2024 Dec_sector 33,0.0
2024 Dec_sector 34,0.0
2024 Dec_sector 35,0.0
2024 Dec_sector 36,0.0
2024 Dec_sector 37,0.0
2024 Dec_sector 38,0.0
2024 Dec_sector 39,0.0
2024 Dec_sector 40,0.0
2024 Dec_sector 41,0.0
2024 Dec_sector 42,0.0
2024 Dec_sector 43,0.0
2024 Dec_sector 44,0.0
2024 Dec_sector 45,0.0
2024 Dec_sector 46,0.0
2024 Dec_sector 47,0.0
2024 Dec_sector 48,0.0
2024 Dec_sector 49,0.0
2024 Dec_sector 50,16764.126310287327
2024 Dec_sector 51,19567.44277446883
2024 Dec_sector 52,0.0
2024 Dec_sector 53,363.65979981178367
2024 Dec_sector 54,62730.491502630684
2024 Dec_sector 55,0.0
2024 Dec_sector 56,0.0
2024 Dec_sector 57,0.0
2024 Dec_sector 58,0.0
2024 Dec_sector 59,0.0
2024 Dec_sector 60,0.0
2024 Dec_sector 61,104876.90945666611
2024 Dec_sector 62,12521.977350308076
2024 Dec_sector 63,7383.164617755666
2024 Dec_sector 64,11729.115819445711
2024 Dec_sector 65,17731.00642858711
2024 Dec_sector 66,52172.017231912745
2024 Dec_sector 67,0.0
2024 Dec_sector 68,0.0
2024 Dec_sector 69,0.0
2024 Dec_sector 70,0.0
2024 Dec_sector 71,0.0
2024 Dec_sector 72,0.0
2024 Dec_sector 73,2640.7100159349047
2024 Dec_sector 74,0.0
2024 Dec_sector 75,737.1840000000001
2024 Dec_sector 76,0.0
2024 Dec_sector 77,54483.81368607484
2024 Dec_sector 78,18129.588191872732
2024 Dec_sector 79,0.0
2024 Dec_sector 80,0.0
2024 Dec_sector 81,0.0
2024 Dec_sector 82,0.0
2024 Dec_sector 83,0.0
2024 Dec_sector 84,0.0
2024 Dec_sector 85,151855.80620257254
2024 Dec_sector 86,45164.92657321977
2024 Dec_sector 87,286.572
2024 Dec_sector 88,5643.996
2024 Dec_sector 89,7962.527113831738
2024 Dec_sector 90,11544.671999999999
2024 Dec_sector 91,0.0
2024 Dec_sector 92,0.0
2024 Dec_sector 93,0.0
2024 Dec_sector 94,0.0
2024 Dec_sector 95,0.0
2024 Dec_sector 96,0.0
2025 Jan_sector 1,6061.875006576987
2025 Jan_sector 2,4147.427785460067
2025 Jan_sector 3,4462.829364818004
2025 Jan_sector 4,49688.33150813364
2025 Jan_sector 5,1745.1193140231449
2025 Jan_sector 6,12147.478851203727
2025 Jan_sector 7,0.0
2025 Jan_sector 8,0.0
2025 Jan_sector 9,0.0
2025 Jan_sector 10,0.0
2025 Jan_sector 11,0.0
2025 Jan_sector 12,0.0
2025 Jan_sector 13,5552.892
2025 Jan_sector 14,10279.032866456913
2025 Jan_sector 15,80568.1099936871
2025 Jan_sector 16,50895.007240415645
2025 Jan_sector 17,2776.6646263625694
2025 Jan_sector 18,20453.78954863136
2025 Jan_sector 19,0.0
2025 Jan_sector 20,0.0
2025 Jan_sector 21,0.0
2025 Jan_sector 22,0.0
2025 Jan_sector 23,0.0
2025 Jan_sector 24,0.0
2025 Jan_sector 25,22318.983349034796
2025 Jan_sector 26,2996.4852084216154
2025 Jan_sector 27,5870.711909046591
2025 Jan_sector 28,23343.571418667314
2025 Jan_sector 29,19130.39320765648
2025 Jan_sector 30,20554.576121619597
2025 Jan_sector 31,0.0
2025 Jan_sector 32,0.0
2025 Jan_sector 33,0.0
2025 Jan_sector 34,0.0
2025 Jan_sector 35,0.0
2025 Jan_sector 36,0.0
2025 Jan_sector 37,0.0
2025 Jan_sector 38,0.0
2025 Jan_sector 39,0.0
2025 Jan_sector 40,0.0
2025 Jan_sector 41,0.0
2025 Jan_sector 42,0.0
2025 Jan_sector 43,0.0
2025 Jan_sector 44,0.0
2025 Jan_sector 45,0.0
2025 Jan_sector 46,0.0
2025 Jan_sector 47,0.0
2025 Jan_sector 48,0.0
2025 Jan_sector 49,0.0
2025 Jan_sector 50,11767.249716761222
2025 Jan_sector 51,13799.161058641292
2025 Jan_sector 52,0.0
2025 Jan_sector 53,411.625325098978
2025 Jan_sector 54,45882.52318761271
2025 Jan_sector 55,0.0
2025 Jan_sector 56,0.0
2025 Jan_sector 57,0.0
2025 Jan_sector 58,0.0
2025 Jan_sector 59,0.0
2025 Jan_sector 60,0.0
2025 Jan_sector 61,70297.12978738763
2025 Jan_sector 62,9341.269780128176
2025 Jan_sector 63,6904.555998341138
2025 Jan_sector 64,12065.778600582325
2025 Jan_sector 65,11978.13003744122
2025 Jan_sector 66,34877.61167482729
2025 Jan_sector 67,0.0
2025 Jan_sector 68,0.0
2025 Jan_sector 69,0.0
2025 Jan_sector 70,0.0
2025 Jan_sector 71,0.0
2025 Jan_sector 72,0.0
2025 Jan_sector 73,2366.5522391818427
2025 Jan_sector 74,0.0
2025 Jan_sector 75,737.1840000000001
2025 Jan_sector 76,20502.226970215517
2025 Jan_sector 77,56531.67720131317
2025 Jan_sector 78,13837.344703120398
2025 Jan_sector 79,0.0
2025 Jan_sector 80,0.0
2025 Jan_sector 81,0.0
2025 Jan_sector 82,0.0
2025 Jan_sector 83,0.0
2025 Jan_sector 84,0.0
2025 Jan_sector 85,0.0
2025 Jan_sector 86,0.0
2025 Jan_sector 87,0.0
2025 Jan_sector 88,0.0
2025 Jan_sector 89,0.0
2025 Jan_sector 90,0.0
2025 Jan_sector 91,0.0
2025 Jan_sector 92,0.0
2025 Jan_sector 93,0.0
2025 Jan_sector 94,0.0
2025 Jan_sector 95,0.0
2025 Jan_sector 96,0.0
2025 Feb_sector 1,5668.4733035530135
2025 Feb_sector 2,3587.259617063111
2025 Feb_sector 3,0.0
2025 Feb_sector 4,48582.9664649466
2025 Feb_sector 5,1107.7373070041008
2025 Feb_sector 6,0.0
2025 Feb_sector 7,0.0
2025 Feb_sector 8,0.0
2025 Feb_sector 9,0.0
2025 Feb_sector 10,0.0
2025 Feb_sector 11,0.0
2025 Feb_sector 12,0.0
2025 Feb_sector 13,5552.892
2025 Feb_sector 14,10738.2063523006
2025 Feb_sector 15,82413.24714609224
2025 Feb_sector 16,52546.66977662929
2025 Feb_sector 17,3837.228
2025 Feb_sector 18,22943.057474526933
2025 Feb_sector 19,0.0
2025 Feb_sector 20,0.0
2025 Feb_sector 21,0.0
2025 Feb_sector 22,0.0
2025 Feb_sector 23,0.0
2025 Feb_sector 24,0.0
2025 Feb_sector 25,32209.360423280097
2025 Feb_sector 26,6783.846565076046
2025 Feb_sector 27,7889.717008011476
2025 Feb_sector 28,26028.260614971183
2025 Feb_sector 29,22314.879542178867
2025 Feb_sector 30,23117.57092425721
2025 Feb_sector 31,0.0
2025 Feb_sector 32,0.0
2025 Feb_sector 33,0.0
2025 Feb_sector 34,0.0
2025 Feb_sector 35,0.0
2025 Feb_sector 36,0.0
2025 Feb_sector 37,4862.776630163112
2025 Feb_sector 38,47688.18708790187
2025 Feb_sector 39,32.92383430672956
2025 Feb_sector 40,7784.307372309934
2025 Feb_sector 41,0.0
2025 Feb_sector 42,1654.1209919742182
2025 Feb_sector 43,0.0
2025 Feb_sector 44,0.0
2025 Feb_sector 45,0.0
2025 Feb_sector 46,0.0
2025 Feb_sector 47,0.0
2025 Feb_sector 48,0.0
2025 Feb_sector 49,0.0
2025 Feb_sector 50,13760.201493247734
2025 Feb_sector 51,15760.135766754753
2025 Feb_sector 52,0.0
2025 Feb_sector 53,2213.1479999999997
2025 Feb_sector 54,47561.77999251057
2025 Feb_sector 55,0.0
2025 Feb_sector 56,0.0
2025 Feb_sector 57,0.0
2025 Feb_sector 58,0.0
2025 Feb_sector 59,0.0
2025 Feb_sector 60,0.0
2025 Feb_sector 61,68503.80333177962
2025 Feb_sector 62,7150.334813829958
2025 Feb_sector 63,4658.202096353058
2025 Feb_sector 64,10350.063596930615
2025 Feb_sector 65,10174.543132806142
2025 Feb_sector 66,32450.59328911109
2025 Feb_sector 67,0.0
2025 Feb_sector 68,0.0
2025 Feb_sector 69,0.0
2025 Feb_sector 70,0.0
2025 Feb_sector 71,0.0
2025 Feb_sector 72,0.0
2025 Feb_sector 73,4419.155333257444
2025 Feb_sector 74,0.0
2025 Feb_sector 75,737.1840000000001
2025 Feb_sector 76,21221.18573614596
2025 Feb_sector 77,56626.292107929265
2025 Feb_sector 78,14806.14474181025
2025 Feb_sector 79,0.0
2025 Feb_sector 80,0.0
2025 Feb_sector 81,0.0
2025 Feb_sector 82,0.0
2025 Feb_sector 83,0.0
2025 Feb_sector 84,0.0
2025 Feb_sector 85,83075.22007403572
2025 Feb_sector 86,28463.11503561351
2025 Feb_sector 87,286.572
2025 Feb_sector 88,4336.279431512774
2025 Feb_sector 89,2179.241248061689
2025 Feb_sector 90,6584.826412814385
2025 Feb_sector 91,0.0
2025 Feb_sector 92,0.0
2025 Feb_sector 93,0.0
2025 Feb_sector 94,0.0
2025 Feb_sector 95,0.0
2025 Feb_sector 96,0.0
2025 Mar_sector 1,8323.098546254607
2025 Mar_sector 2,5700.5221762160345
2025 Mar_sector 3,5992.691855606349
2025 Mar_sector 4,51785.91849822436
2025 Mar_sector 5,3504.344599142303
2025 Mar_sector 6,13632.046627577094
2025 Mar_sector 7,0.0
2025 Mar_sector 8,0.0
2025 Mar_sector 9,0.0
2025 Mar_sector 10,0.0
2025 Mar_sector 11,0.0
2025 Mar_sector 12,0.0
2025 Mar_sector 13,5552.892
2025 Mar_sector 14,19095.793546781268
2025 Mar_sector 15,91831.46104985829
2025 Mar_sector 16,59421.58123222414
2025 Mar_sector 17,3837.228
2025 Mar_sector 18,29427.8340773881
2025 Mar_sector 19,0.0
2025 Mar_sector 20,0.0
2025 Mar_sector 21,0.0
2025 Mar_sector 22,0.0
2025 Mar_sector 23,0.0
2025 Mar_sector 24,0.0
2025 Mar_sector 25,21081.556958846875
2025 Mar_sector 26,2328.9658433373293
2025 Mar_sector 27,4974.037157586873
2025 Mar_sector 28,23303.22877835254
2025 Mar_sector 29,18763.393934787666
2025 Mar_sector 30,19927.37581569834
2025 Mar_sector 31,0.0
2025 Mar_sector 32,0.0
2025 Mar_sector 33,0.0
2025 Mar_sector 34,0.0
2025 Mar_sector 35,0.0
2025 Mar_sector 36,0.0
2025 Mar_sector 37,6418.234660273908
2025 Mar_sector 38,48932.463291366905
2025 Mar_sector 39,1026.7255006506482
2025 Mar_sector 40,9007.917158131238
2025 Mar_sector 41,0.0
2025 Mar_sector 42,2499.7140739639503
2025 Mar_sector 43,0.0
2025 Mar_sector 44,0.0
2025 Mar_sector 45,0.0
2025 Mar_sector 46,0.0
2025 Mar_sector 47,0.0
2025 Mar_sector 48,0.0
2025 Mar_sector 49,0.0
2025 Mar_sector 50,14708.424847550434
2025 Mar_sector 51,16505.088508309607
2025 Mar_sector 52,0.0
2025 Mar_sector 53,2213.1479999999997
2025 Mar_sector 54,47770.63596220572
2025 Mar_sector 55,0.0
2025 Mar_sector 56,0.0
2025 Mar_sector 57,0.0
2025 Mar_sector 58,0.0
2025 Mar_sector 59,0.0
2025 Mar_sector 60,0.0
2025 Mar_sector 61,71065.31908968794
2025 Mar_sector 62,9772.421182229504
2025 Mar_sector 63,6944.0885651444505
2025 Mar_sector 64,12343.421718436286
2025 Mar_sector 65,12424.355279136045
2025 Mar_sector 66,35225.048451104936
2025 Mar_sector 67,0.0
2025 Mar_sector 68,0.0
2025 Mar_sector 69,0.0
2025 Mar_sector 70,0.0
2025 Mar_sector 71,0.0
2025 Mar_sector 72,0.0
2025 Mar_sector 73,5287.524
2025 Mar_sector 74,0.0
2025 Mar_sector 75,737.1840000000001
2025 Mar_sector 76,23662.194381065692
2025 Mar_sector 77,60655.81031513386
2025 Mar_sector 78,17729.716322215165
2025 Mar_sector 79,0.0
2025 Mar_sector 80,0.0
2025 Mar_sector 81,0.0
2025 Mar_sector 82,0.0
2025 Mar_sector 83,0.0
2025 Mar_sector 84,0.0
2025 Mar_sector 85,81470.82882131214
2025 Mar_sector 86,26119.523006790758
2025 Mar_sector 87,286.572
2025 Mar_sector 88,2726.8142210860087
2025 Mar_sector 89,409.0585598856056
2025 Mar_sector 90,5337.357435803822
2025 Mar_sector 91,0.0
2025 Mar_sector 92,0.0
2025 Mar_sector 93,0.0
2025 Mar_sector 94,0.0
2025 Mar_sector 95,0.0
2025 Mar_sector 96,0.0
2025 Apr_sector 1,8804.193408070156
2025 Apr_sector 2,6020.49637016236
2025 Apr_sector 3,6594.4493399839175
2025 Apr_sector 4,51929.72717613254
2025 Apr_sector 5,3534.97174980611
2025 Apr_sector 6,13671.799726018722
2025 Apr_sector 7,0.0
2025 Apr_sector 8,0.0
2025 Apr_sector 9,0.0
2025 Apr_sector 10,0.0
2025 Apr_sector 11,0.0
2025 Apr_sector 12,0.0
2025 Apr_sector 13,2131.0420087252323
2025 Apr_sector 14,8010.80346537321
2025 Apr_sector 15,77524.61034518384
2025 Apr_sector 16,48454.034137901544
2025 Apr_sector 17,640.2515180223926
2025 Apr_sector 18,18638.29767788241
2025 Apr_sector 19,0.0
2025 Apr_sector 20,0.0
2025 Apr_sector 21,0.0
2025 Apr_sector 22,0.0
2025 Apr_sector 23,0.0
2025 Apr_sector 24,0.0
2025 Apr_sector 25,19388.68671535077
2025 Apr_sector 26,1352.080682250687
2025 Apr_sector 27,4253.57021904673
2025 Apr_sector 28,21416.252811208087
2025 Apr_sector 29,17852.137546624435
2025 Apr_sector 30,19055.15008599129
2025 Apr_sector 31,0.0
2025 Apr_sector 32,0.0
2025 Apr_sector 33,0.0
2025 Apr_sector 34,0.0
2025 Apr_sector 35,0.0
2025 Apr_sector 36,0.0
2025 Apr_sector 37,4907.250955075062
2025 Apr_sector 38,47705.732648696445
2025 Apr_sector 39,4.114814257850594
2025 Apr_sector 40,7810.915676101684
2025 Apr_sector 41,0.0
2025 Apr_sector 42,1642.636037255811
2025 Apr_sector 43,0.0
2025 Apr_sector 44,0.0
2025 Apr_sector 45,0.0
2025 Apr_sector 46,0.0
2025 Apr_sector 47,0.0
2025 Apr_sector 48,0.0
2025 Apr_sector 49,0.0
2025 Apr_sector 50,13037.63139849934
2025 Apr_sector 51,14833.450499517701
2025 Apr_sector 52,0.0
2025 Apr_sector 53,1423.2810330484363
2025 Apr_sector 54,46746.22648102988
2025 Apr_sector 55,0.0
2025 Apr_sector 56,0.0
2025 Apr_sector 57,0.0
2025 Apr_sector 58,0.0
2025 Apr_sector 59,0.0
2025 Apr_sector 60,0.0
2025 Apr_sector 61,67213.50968479084
2025 Apr_sector 62,7208.07329697196
2025 Apr_sector 63,4651.104288060141
2025 Apr_sector 64,0.0
2025 Apr_sector 65,0.0
2025 Apr_sector 66,32015.074641569645
2025 Apr_sector 67,0.0
2025 Apr_sector 68,0.0
2025 Apr_sector 69,0.0
2025 Apr_sector 70,0.0
2025 Apr_sector 71,0.0
2025 Apr_sector 72,0.0
2025 Apr_sector 73,345.3715391753066
2025 Apr_sector 74,0.0
2025 Apr_sector 75,0.0
2025 Apr_sector 76,19294.787749630763
2025 Apr_sector 77,54747.37376459793
2025 Apr_sector 78,0.0
2025 Apr_sector 79,0.0
2025 Apr_sector 80,0.0
2025 Apr_sector 81,0.0
2025 Apr_sector 82,0.0
2025 Apr_sector 83,0.0
2025 Apr_sector 84,0.0
2025 Apr_sector 85,0.0
2025 Apr_sector 86,0.0
2025 Apr_sector 87,0.0
2025 Apr_sector 88,0.0
2025 Apr_sector 89,0.0
2025 Apr_sector 90,0.0
2025 Apr_sector 91,0.0
2025 Apr_sector 92,0.0
2025 Apr_sector 93,0.0
2025 Apr_sector 94,0.0
2025 Apr_sector 95,0.0
2025 Apr_sector 96,0.0
2025 May_sector 1,5619.811027660156
2025 May_sector 2,3618.7004470579664
2025 May_sector 3,3998.553165525977
2025 May_sector 4,0.0
2025 May_sector 5,1183.0537921707269
2025 May_sector 6,11695.567206855581
2025 May_sector 7,0.0
2025 May_sector 8,0.0
2025 May_sector 9,0.0
2025 May_sector 10,0.0
2025 May_sector 11,0.0
2025 May_sector 12,0.0
2025 May_sector 13,5552.892
2025 May_sector 14,11516.70686667626
2025 May_sector 15,81556.97510736072
2025 May_sector 16,52111.37303555695
2025 May_sector 17,3550.795648080943
2025 May_sector 18,21381.031689762076
2025 May_sector 19,0.0
2025 May_sector 20,0.0
2025 May_sector 21,0.0
2025 May_sector 22,0.0
2025 May_sector 23,0.0
2025 May_sector 24,0.0
2025 May_sector 25,33993.17581522503
2025 May_sector 26,7169.965156449324
2025 May_sector 27,10284.090038397491
2025 May_sector 28,28933.185911693065
2025 May_sector 29,23437.22617574045
2025 May_sector 30,25048.645602778393
2025 May_sector 31,0.0
2025 May_sector 32,0.0
2025 May_sector 33,0.0
2025 May_sector 34,0.0
2025 May_sector 35,0.0
2025 May_sector 36,0.0
2025 May_sector 37,8799.636475564912
2025 May_sector 38,50200.31010153262
2025 May_sector 39,2352.216
2025 May_sector 40,10540.274157948823
2025 May_sector 41,0.0
2025 May_sector 42,4223.634165947549
2025 May_sector 43,0.0
2025 May_sector 44,0.0
2025 May_sector 45,0.0
2025 May_sector 46,0.0
2025 May_sector 47,0.0
2025 May_sector 48,0.0
2025 May_sector 49,0.0
2025 May_sector 50,14905.988162766025
2025 May_sector 51,16868.870349368146
2025 May_sector 52,0.0
2025 May_sector 53,2213.1479999999997
2025 May_sector 54,48024.72727741428
2025 May_sector 55,0.0
2025 May_sector 56,0.0
2025 May_sector 57,0.0
2025 May_sector 58,0.0
2025 May_sector 59,0.0
2025 May_sector 60,0.0
2025 May_sector 61,68002.0960316378
2025 May_sector 62,7813.28375923669
2025 May_sector 63,5175.627876081764
2025 May_sector 64,10777.313980868736
2025 May_sector 65,10570.542852626604
2025 May_sector 66,32313.49020821689
2025 May_sector 67,0.0
2025 May_sector 68,0.0
2025 May_sector 69,0.0
2025 May_sector 70,0.0
2025 May_sector 71,0.0
2025 May_sector 72,0.0
2025 May_sector 73,4244.085520475952
2025 May_sector 74,0.0
2025 May_sector 75,737.1840000000001
2025 May_sector 76,21087.32065962435
2025 May_sector 77,56708.89402028898
2025 May_sector 78,14505.64250577561
2025 May_sector 79,0.0
2025 May_sector 80,0.0
2025 May_sector 81,0.0
2025 May_sector 82,0.0
2025 May_sector 83,0.0
2025 May_sector 84,0.0
2025 May_sector 85,83991.17691286534
2025 May_sector 86,29998.602198324737
2025 May_sector 87,286.572
2025 May_sector 88,4533.854983989862
2025 May_sector 89,2287.776280359077
2025 May_sector 90,7084.391223880233
2025 May_sector 91,0.0
2025 May_sector 92,0.0
2025 May_sector 93,0.0
2025 May_sector 94,0.0
2025 May_sector 95,0.0
2025 May_sector 96,0.0
2025 Jun_sector 1,5867.211294300663
2025 Jun_sector 2,0.0
2025 Jun_sector 3,0.0
2025 Jun_sector 4,48752.54180705995
2025 Jun_sector 5,0.0
2025 Jun_sector 6,0.0
2025 Jun_sector 7,0.0
2025 Jun_sector 8,0.0
2025 Jun_sector 9,0.0
2025 Jun_sector 10,0.0
2025 Jun_sector 11,0.0
2025 Jun_sector 12,0.0
2025 Jun_sector 13,5552.892
2025 Jun_sector 14,14261.738736163035
2025 Jun_sector 15,86371.88652042608
2025 Jun_sector 16,55441.24640467326
2025 Jun_sector 17,3837.228
2025 Jun_sector 18,25079.29211098121
2025 Jun_sector 19,0.0
2025 Jun_sector 20,0.0
2025 Jun_sector 21,0.0
2025 Jun_sector 22,0.0
2025 Jun_sector 23,0.0
2025 Jun_sector 24,0.0
2025 Jun_sector 25,19019.58285766
2025 Jun_sector 26,1186.3912377333481
2025 Jun_sector 27,3954.9118211213695
2025 Jun_sector 28,20595.172011407678
2025 Jun_sector 29,17710.426546060782
2025 Jun_sector 30,18859.7525769904
2025 Jun_sector 31,0.0
2025 Jun_sector 32,0.0
2025 Jun_sector 33,0.0
2025 Jun_sector 34,0.0
2025 Jun_sector 35,0.0
2025 Jun_sector 36,0.0
2025 Jun_sector 37,22220.615999999998
2025 Jun_sector 38,55760.99980458144
2025 Jun_sector 39,2352.216
2025 Jun_sector 40,14196.034496598364
2025 Jun_sector 41,0.0
2025 Jun_sector 42,6401.04
2025 Jun_sector 43,0.0
2025 Jun_sector 44,0.0
2025 Jun_sector 45,0.0
2025 Jun_sector 46,0.0
2025 Jun_sector 47,0.0
2025 Jun_sector 48,0.0
2025 Jun_sector 49,0.0
2025 Jun_sector 50,15272.541561420214
2025 Jun_sector 51,17840.65457160842
2025 Jun_sector 52,0.0
2025 Jun_sector 53,2213.1479999999997
2025 Jun_sector 54,48755.33233705854
2025 Jun_sector 55,0.0
2025 Jun_sector 56,0.0
2025 Jun_sector 57,0.0
2025 Jun_sector 58,0.0
2025 Jun_sector 59,0.0
2025 Jun_sector 60,0.0
2025 Jun_sector 61,0.0
2025 Jun_sector 62,0.0
2025 Jun_sector 63,0.0
2025 Jun_sector 64,0.0
2025 Jun_sector 65,0.0
2025 Jun_sector 66,0.0
2025 Jun_sector 67,0.0
2025 Jun_sector 68,0.0
2025 Jun_sector 69,0.0
2025 Jun_sector 70,0.0
2025 Jun_sector 71,0.0
2025 Jun_sector 72,0.0
2025 Jun_sector 73,1027.6505576513837
2025 Jun_sector 74,0.0
2025 Jun_sector 75,535.2713988698105
2025 Jun_sector 76,19505.2624861546
2025 Jun_sector 77,54889.72728435442
2025 Jun_sector 78,12716.266034482105
2025 Jun_sector 79,0.0
2025 Jun_sector 80,0.0
2025 Jun_sector 81,0.0
2025 Jun_sector 82,0.0
2025 Jun_sector 83,0.0
2025 Jun_sector 84,0.0
2025 Jun_sector 85,82109.24200020607
2025 Jun_sector 86,26316.662462908076
2025 Jun_sector 87,131.12813755790117
2025 Jun_sector 88,0.0
2025 Jun_sector 89,363.2184748780931
2025 Jun_sector 90,0.0
2025 Jun_sector 91,0.0
2025 Jun_sector 92,0.0
2025 Jun_sector 93,0.0
2025 Jun_sector 94,0.0
2025 Jun_sector 95,0.0
2025 Jun_sector 96,0.0
2025 Jul_sector 1,8259.598437145885
2025 Jul_sector 2,5631.012504305312
2025 Jul_sector 3,6166.752603632829
2025 Jul_sector 4,52728.25490652735
2025 Jul_sector 5,3445.9845609133718
2025 Jul_sector 6,13714.722773031563
2025 Jul_sector 7,0.0
2025 Jul_sector 8,0.0
2025 Jul_sector 9,0.0
2025 Jul_sector 10,0.0
2025 Jul_sector 11,0.0
2025 Jul_sector 12,0.0
2025 Jul_sector 13,3439.171401209473
2025 Jul_sector 14,8834.044261002928
2025 Jul_sector 15,78308.70615274292
2025 Jul_sector 16,49095.776963491415
2025 Jul_sector 17,1499.299649016117
2025 Jul_sector 18,19136.341677594326
2025 Jul_sector 19,0.0
2025 Jul_sector 20,0.0
2025 Jul_sector 21,0.0
2025 Jul_sector 22,0.0
2025 Jul_sector 23,0.0
2025 Jul_sector 24,0.0
2025 Jul_sector 25,24553.45897640749
2025 Jul_sector 26,4022.2204781846895
2025 Jul_sector 27,6644.629619911764
2025 Jul_sector 28,23910.807164017227
2025 Jul_sector 29,20540.537480332
2025 Jul_sector 30,21322.263500328627
2025 Jul_sector 31,0.0
2025 Jul_sector 32,0.0
2025 Jul_sector 33,0.0
2025 Jul_sector 34,0.0
2025 Jul_sector 35,0.0
2025 Jul_sector 36,0.0
2025 Jul_sector 37,10919.713353458123
2025 Jul_sector 38,51102.139588066246
2025 Jul_sector 39,2352.216
2025 Jul_sector 40,10692.73307954551
2025 Jul_sector 41,0.0
2025 Jul_sector 42,4444.327624996662
2025 Jul_sector 43,0.0
2025 Jul_sector 44,0.0
2025 Jul_sector 45,0.0
2025 Jul_sector 46,0.0
2025 Jul_sector 47,0.0
2025 Jul_sector 48,0.0
2025 Jul_sector 49,0.0
2025 Jul_sector 50,13999.818992531576
2025 Jul_sector 51,16194.268084045725
2025 Jul_sector 52,0.0
2025 Jul_sector 53,2213.1479999999997
2025 Jul_sector 54,47876.80891545313
2025 Jul_sector 55,0.0
2025 Jul_sector 56,0.0
2025 Jul_sector 57,0.0
2025 Jul_sector 58,0.0
2025 Jul_sector 59,0.0
2025 Jul_sector 60,0.0
2025 Jul_sector 61,70809.59011000332
2025 Jul_sector 62,8974.744359606093
2025 Jul_sector 63,6485.6168940304
2025 Jul_sector 64,12161.307920655649
2025 Jul_sector 65,12112.362855257306
2025 Jul_sector 66,34228.427839304866
2025 Jul_sector 67,0.0
2025 Jul_sector 68,0.0
2025 Jul_sector 69,0.0
2025 Jul_sector 70,0.0
2025 Jul_sector 71,0.0
2025 Jul_sector 72,0.0
2025 Jul_sector 73,0.0
2025 Jul_sector 74,0.0
2025 Jul_sector 75,0.0
2025 Jul_sector 76,0.0
2025 Jul_sector 77,0.0
2025 Jul_sector 78,0.0
2025 Jul_sector 79,0.0
2025 Jul_sector 80,0.0
2025 Jul_sector 81,0.0
2025 Jul_sector 82,0.0
2025 Jul_sector 83,0.0
2025 Jul_sector 84,0.0
2025 Jul_sector 85,84996.9962342763
2025 Jul_sector 86,27359.011170600428
2025 Jul_sector 87,0.0
2025 Jul_sector 88,0.0
2025 Jul_sector 89,0.0
2025 Jul_sector 90,5160.152581362106
2025 Jul_sector 91,0.0
2025 Jul_sector 92,0.0
2025 Jul_sector 93,0.0
2025 Jul_sector 94,0.0
2025 Jul_sector 95,0.0
2025 Jul_sector 96,0.0
